Workbook

Sheet راهنما
A1: وضعیت | B1: تمام مقادیر توکن، شمارش محلی متن‌های مصنوعی هستند؛ هیچ completion زنده و هیچ صورتحساب واقعی در این پژوهش وجود ندارد.
A2: تعداد نمونه | B2: ۱۸ ترکیب اصلی از ۳ کیس × ۲ زبان × ۳ طول؛ ۳۶ ترکیب اضافه برای آزمون طول پاسخ؛ مجموع ۵۴ اجرای آفلاین و ۱۶۵۶ درخواست شبیه‌سازی‌شده.
A3: نمونه پیش‌فرض | B3: میانگین ۳ کیس فارسی با ۲۰ پرسش شرح‌حال، ۳ معاینه، ۲ گزارش فاقد نتیجه ثبت‌شده و ۲ درخواست نمره/درسنامه؛ حداقل طول مصنوعی پاسخ بیمار ۶۰ توکن. طول واقعی میانگین پاسخ حدود ۶۵ توکن است.
A4: هشدار | B4: متن‌های افزوده آزمون طول، filler آشکارند؛ مکالمه طبیعی یا میانگین واقعی کاربران معرفی نمی‌شوند. دو آزمایش ثبت‌شده دیگر نیز وجود دارند که درخواست مدل ندارند.
A5: AI grading | B5: تصمیم معیارها و درسنامه باید از مدل معتبر باشند؛ جمع وزن‌ها توسط کد انجام می‌شود. شکست مدل نباید نمره قاعده‌محور نهایی ثبت کند.
A6: توکنایزر | B6: o200k_base برای تخمین GPT-4.1 مناسب است؛ overhead پیام تخمینی است. اعداد Gemini/DeepSeek فقط جایگذاری حجم فرضی‌اند، نه شمارش توکنایزر بومی آن مدل‌ها.
A7: هزینه | B7: قیمت‌ها دلار بر میلیون توکن‌اند؛ کارمزد شارژ، مالیات، reasoning، retry و caching از هزینه پایه جدا هستند. خروجی usage واقعی معمولاً reasoning را از پیش شامل می‌شود؛ آن را دوبار اضافه نکنید.
A8: سهمیه | B8: سهمیه عمومی ۵۰ یا ۱۰۰۰ درخواست روزانه و ۲۰ در دقیقه است؛ سهمیه واقعی حساب باید از /api/v1/key بررسی شود. سهمیه بین کاربران/کلیدهای همان حساب تقسیم می‌شود.
A9: ویرایش | B9: در ماشین‌حساب، سلول‌های آبی ورودی قابل تغییرند. تمام نتایج از فرمول اکسل محاسبه می‌شوند. ضریب ذخیره ۱٫۳ صرفاً پیشنهاد بودجه است، نه تضمین سقف هزینه.
A10: تاریخ | B10: 2026-09-18. قیمت و ظرفیت مدل‌ها تغییر می‌کنند؛ Gemini 2.5 Flash در صفحه فعلی تاریخ پایان 2026-10-20 دارد.
A11: منابع | B11: https://openrouter.ai/docs/api_reference/limits https://openrouter.ai/docs/faq https://openrouter.ai/docs/cookbook/administration/usage-accounting https://openrouter.ai/docs/guides/best-practices/reasoning-tokens https://openrouter.ai/docs/guides/best-practices/prompt-caching

Sheet ماشین‌حساب
A1: ماشین‌حساب قابل ویرایش — نمونه آفلاین، نه صورتحساب
A2: پیش‌فرض برای GPT-4.1 mini و ۱۰۰ برخورد؛ هزینه پایه بدون reasoning/cache/retry است.
A4: توکن ورودی هر برخورد | B4: 40096
A5: توکن خروجی قابل مشاهده هر برخورد | B5: 3159
A6: reasoning اضافه هر برخورد — اگر قبلاً در خروجی نیست | B6: 0
A7: تعداد برخورد | B7: 100 | C7: اگر ۱۰۰ برخورد در روز دارید، برای هزینه ماه ۳۰روزه تعداد را ۳۰۰۰ بگذارید.
A8: ضریب ذخیره بودجه | B8: 1.3
A9: قیمت ورودی / میلیون دلار | B9: 0.4 | C9: ضریب ۳۰٪ ذخیره، هزینه اضافی قطعی نیست.
A10: قیمت خروجی / میلیون دلار | B10: 1.6
A11: سهم توکن ورودی cache شده؛ بین صفر و یک | B11: 0 | C11: cache فقط با اندازه‌گیری واقعی فرض شود؛ پیش‌فرض صفر است.
A12: قیمت cache read / میلیون دلار | B12: 0.1
A13: درخواست API هر برخورد | B13: 27
A14: سهمیه روزانه درخواست | B14: 1000
A15: درخواست در دقیقه | B15: 20
A16: مبلغ اعتبار خریداری‌شده، جدا از کارمزد | B16: 10 | C16: ۱۰ اعتبار خرید، با کارمزد حداقل ۰٫۸ دلار → ۱۰٫۸ دلار پیش از مالیات.
A19: هزینه پایه هر برخورد | B19: =((B4*((1-B11)*B9+B11*B12))+(B5+B6)*B10)/1000000 -> 0.0210928
A20: هزینه پایه همه برخوردها | B20: =B19*B7 -> 2.10928
A21: بودجه با ضریب ذخیره | B21: =B20*B8 -> 2.742064
A22: کل درخواست‌های لازم | B22: =B13*B7 -> 2700
A23: برخورد کامل در روز، بدون retry | B23: =ROUNDDOWN(B14/B13,0) -> 37
A24: روز لازم، اگر برخوردها در همان روز تمام شوند | B24: =IF(B23>0,ROUNDUP(B7/B23,0),"برخورد در سهمیه یک روز جا نمی‌شود") -> 3
A25: دقیقه ظرفیت متوسط درخواست؛ نه تضمین زمان تکمیل | B25: =B22/B15 -> 135
A26: کارمزد مستقل خرید اعتبار با کارت | B26: =IF(B16>0,MAX(0.8,B16*0.055),0) -> 0.8
A27: اعتبار + کارمزد، پیش از مالیات | B27: =B16+B26 -> 10.8

Sheet قیمت مدل‌ها
A1: مدل | B1: ورودی / ۱M دلار | C1: خروجی / ۱M دلار | D1: هر برخورد دلار | E1: تعداد انتخاب‌شده دلار | F1: ۳۰۰۰ برخورد دلار | G1: منبع | H1: محدودیت
A2: GPT-4.1 nano | B2: 0.1 | C2: 0.4 | D2: =('ماشین‌حساب'!$B$4*B2+('ماشین‌حساب'!$B$5+'ماشین‌حساب'!$B$6)*C2)/1000000 -> 0.0052732 | E2: =D2*'ماشین‌حساب'!$B$7 -> 0.52732 | F2: =D2*3000 -> 15.8196 | G2: https://openrouter.ai/openai/gpt-4.1-nano | H2: o200k-based text estimate; not measured API usage
A3: GPT-4.1 mini | B3: 0.4 | C3: 1.6 | D3: =('ماشین‌حساب'!$B$4*B3+('ماشین‌حساب'!$B$5+'ماشین‌حساب'!$B$6)*C3)/1000000 -> 0.0210928 | E3: =D3*'ماشین‌حساب'!$B$7 -> 2.10928 | F3: =D3*3000 -> 63.2784 | G3: https://openrouter.ai/openai/gpt-4.1-mini | H3: o200k-based text estimate; not measured API usage
A4: Gemini 2.5 Flash | B4: 0.3 | C4: 2.5 | D4: =('ماشین‌حساب'!$B$4*B4+('ماشین‌حساب'!$B$5+'ماشین‌حساب'!$B$6)*C4)/1000000 -> 0.0199263 | E4: =D4*'ماشین‌حساب'!$B$7 -> 1.99263 | F4: =D4*3000 -> 59.7789 | G4: https://openrouter.ai/google/gemini-2.5-flash | H4: Proxy token volume; native tokenizer/reasoning differs. Page says retiring 2026-10-20.
A5: Gemini 3.1 Flash Lite Preview | B5: 0.25 | C5: 1.5 | D5: =('ماشین‌حساب'!$B$4*B5+('ماشین‌حساب'!$B$5+'ماشین‌حساب'!$B$6)*C5)/1000000 -> 0.0147625 | E5: =D5*'ماشین‌حساب'!$B$7 -> 1.47625 | F5: =D5*3000 -> 44.2875 | G5: https://openrouter.ai/google/gemini-3.1-flash-lite-preview | H5: Preview model; proxy token volume and additional reasoning may differ.
A6: DeepSeek V3.2 / DeepInfra | B6: 0.26 | C6: 0.38 | D6: =('ماشین‌حساب'!$B$4*B6+('ماشین‌حساب'!$B$5+'ماشین‌حساب'!$B$6)*C6)/1000000 -> 0.01162538 | E6: =D6*'ماشین‌حساب'!$B$7 -> 1.162538 | F6: =D6*3000 -> 34.87614 | G6: https://openrouter.ai/deepseek/deepseek-v3.2 | H6: Named provider rate, not cheapest promo. Proxy tokenizer; reasoning excluded.

Sheet سهمیه
A1: سناریو | B1: پرسش شرح‌حال | C1: معاینه | D1: گزارش ناموجود | E1: API با نمره و درسنامه | F1: برخورد/روز با ۵۰ | G1: برخورد/روز با ۱۰۰۰
A2: فقط یک سؤال و ارزیابی | B2: 1 | C2: 0 | D2: 0 | E2: =SUM(B2:D2)+2 -> 3 | F2: =ROUNDDOWN(50/E2,0) -> 16 | G2: =ROUNDDOWN(1000/E2,0) -> 333
A3: کوتاه | B3: 10 | C3: 2 | D3: 0 | E3: =SUM(B3:D3)+2 -> 14 | F3: =ROUNDDOWN(50/E3,0) -> 3 | G3: =ROUNDDOWN(1000/E3,0) -> 71
A4: متوسط | B4: 20 | C4: 3 | D4: 2 | E4: =SUM(B4:D4)+2 -> 27 | F4: =ROUNDDOWN(50/E4,0) -> 1 | G4: =ROUNDDOWN(1000/E4,0) -> 37
A5: طولانی | B5: 40 | C5: 5 | D5: 4 | E5: =SUM(B5:D5)+2 -> 51 | F5: =ROUNDDOWN(50/E5,0) -> 0 | G5: =ROUNDDOWN(1000/E5,0) -> 19

Sheet نمونه‌ها
A1: حالت پاسخ | B1: کیس | C1: زبان | D1: طول | E1: درخواست | F1: ورودی o200k | G1: خروجی o200k | H1: ورودی cl100k | I1: خروجی cl100k | J1: حداقل هدف پاسخ بیمار
A2: authored_short | B2: 1 | C2: fa | D2: short | E2: 14 | F2: 18726 | G2: 2047 | H2: 33459 | I2: 3909 | J2: 0
A3: authored_short | B3: 1 | C3: fa | D3: standard | E3: 27 | F3: 34300 | G3: 2272 | H3: 62596 | I3: 4380 | J3: 0
A4: authored_short | B4: 1 | C4: fa | D4: long | E4: 51 | F4: 66468 | G4: 2686 | H4: 122515 | I4: 5199 | J4: 0
A5: authored_short | B5: 1 | C5: en | D5: short | E5: 14 | F5: 13465 | G5: 1334 | H5: 14825 | I5: 1353 | J5: 0
A6: authored_short | B6: 1 | C6: en | D6: standard | E6: 27 | F6: 24264 | G6: 1479 | H6: 26796 | I6: 1502 | J6: 0
A7: authored_short | B7: 1 | C7: en | D7: long | E7: 51 | F7: 46301 | G7: 1734 | H7: 51361 | I7: 1778 | J7: 0
A8: authored_short | B8: 2 | C8: fa | D8: short | E8: 14 | F8: 17102 | G8: 1644 | H8: 31423 | I8: 3162 | J8: 0
A9: authored_short | B9: 2 | C9: fa | D9: standard | E9: 27 | F9: 31652 | G9: 1875 | H9: 59302 | I9: 3642 | J9: 0
A10: authored_short | B10: 2 | C10: fa | D10: long | E10: 51 | F10: 61561 | G10: 2261 | H10: 116570 | I10: 4438 | J10: 0
A11: authored_short | B11: 2 | C11: en | D11: short | E11: 14 | F11: 12086 | G11: 1094 | H11: 13182 | I11: 1106 | J11: 0
A12: authored_short | B12: 2 | C12: en | D12: standard | E12: 27 | F12: 21876 | G12: 1241 | H12: 23913 | I12: 1258 | J12: 0
A13: authored_short | B13: 2 | C13: en | D13: long | E13: 51 | F13: 41675 | G13: 1472 | H13: 45692 | I13: 1496 | J13: 0
... A55: length_stress_120 | B55: 3 | C55: en | D55: long | E55: 51 | F55: 74716 | G55: 6242 | H55: 77524 | I55: 6263 | J55: 120
